ticket_id,subject,description,date_received,department_id,priority_label,name
1001,Agent every development say.,Opportunity all behavior discussion. Ago current practice nation determine operation speak according. Recently future choice whatever.,2025-07-22,1,Low,IT Support
1002,Behavior benefit suggest page.,Movie win her need stop peace technology.,2025-07-22,3,Low,Technical
1003,Relate animal direction eye bag.,Herself law street class. Decide environment view possible participant commercial.,2025-07-22,2,High,Billing
1004,Left establish understand read.,Successful simply director allow firm environment. Tree note responsibility defense material.,2025-07-22,5,Low,Account Management
1005,Central cause seat much section investment on.,Young catch management sense technology. Physical society instead as. Other life edge network wall quite.,2025-07-22,4,Low,General
1006,Seem shoulder future fall citizen about reveal.,Seven medical blood personal success medical current. Several much single morning a food.,2025-07-22,1,Low,IT Support
1007,Upon these story film.,There water beat magazine attorney. She campaign little near enter their institution.,2025-07-22,5,Medium,Account Management
1008,Sense ready require human public health tonight.,Easy ask again network. Detail audience piece director town teacher audience draw. Democrat car very number line six space.,2025-07-22,5,Low,Account Management
1009,Best issue interest level.,Art rock song body.,2025-07-22,5,Medium,Account Management
1010,Movie cell contain leg themselves.,Space task better present music address. Unit support coach magazine.,2025-07-22,4,Medium,General
1011,Total clearly able hospital unit size.,Recent room situation product main couple. Why often my security arm.,2025-07-22,1,High,IT Support
1012,Me system church whether bag control organization.,Build three east organization people information. North first end prove fire enter capital population.,2025-07-22,2,Medium,Billing
1013,Upon very act perform none beyond.,Media car give attention each. Citizen street region particularly would. Account stage federal professional voice care break.,2025-07-22,3,Low,Technical
1014,Choice example decision garden reach table measure.,Begin interest everybody. Four capital woman.,2025-07-22,2,Critical,Billing
1015,Necessary into act away third tough.,Strong old challenge. Among half value win. Together decide economic.,2025-07-22,3,Low,Technical
1016,Sister this image per choice upon.,Thing agent say forward. Soon ten specific environment skin blue.,2025-07-22,4,Low,General
1017,Develop staff least figure somebody dinner age.,Foreign ten whom evidence political hundred. Former agree theory end oil worker although.,2025-07-22,3,Medium,Technical
1018,Generation skill job worker break tonight.,And job mind southern rather. Hair attorney professional form finish.,2025-07-22,1,High,IT Support
1019,Medical project for recent never.,Professor here security community notice image. Fight decision size.,2025-07-22,5,Low,Account Management
1020,Let kind degree list top somebody.,Exist professional people behavior. Pull different current agency each.,2025-07-22,4,Low,General
1021,Sure authority increase picture create recent manager during.,Sing despite sound receive.,2025-07-22,3,High,Technical
1022,Newspaper true building.,Property write other wear through partner rest. Interview trade knowledge city technology late seem.,2025-07-22,5,High,Account Management
1023,She miss phone ever back.,Even floor music catch discuss. Relationship ask imagine my.,2025-07-22,3,Medium,Technical
1024,Deal information toward once.,Herself accept goal send table well industry.,2025-07-22,1,Low,IT Support
1025,Today major event magazine home protect something right.,Wonder move trade option. Base investment term. Anyone here deep force.,2025-07-22,2,High,Billing
1026,Sell story edge bank affect.,Yourself glass practice. Senior wear current. Perform draw list.,2025-07-22,1,High,IT Support
1027,Way let eight hard paper white responsibility.,Blue agent find quality when. Walk cup option store drug recent.,2025-07-22,1,Medium,IT Support
1028,South someone not American mouth product attention positive.,State black whether player stock religious.,2025-07-22,4,Medium,General
1029,Safe whole establish space.,Let stay or focus early various everything. During let particular her agreement surface consider. Great election evidence other they.,2025-07-22,3,Low,Technical
1030,Might course drop.,New drive live Republican large admit family. Reality fill ok list most international. Former reflect even edge building court build.,2025-07-22,3,Low,Technical
1031,Course school everybody operation.,Executive beyond create dinner conference add move ever. Network recently call. Bill activity expect long future whole education.,2025-07-22,3,High,Technical
1032,State husband available picture.,Chance none fight yes.,2025-07-22,1,Medium,IT Support
1033,Share paper so difficult mission late kind.,Figure perform participant science way debate. Enough ball dream necessary choose. Late order fact discuss religious reflect. Author do enough social operation sound cup.,2025-07-22,2,Medium,Billing
1034,Different chance enter central arrive society organization.,Keep light fight I evening. Management ball always it focus economy before. Onto again share start office several compare.,2025-07-22,2,Low,Billing
1035,Trouble consider one play man before.,Four prove tax form really explain. Spend nearly lawyer fire follow wife. Ten stay ability thank left approach.,2025-07-22,4,Low,General
1036,Performance material kind appear environment capital.,Thing machine ahead picture son report. Nearly need behavior yeah tree.,2025-07-22,5,Low,Account Management
1037,Positive child usually factor.,Strong woman during necessary himself two. Second carry attorney significant take future skin.,2025-07-22,3,High,Technical
1038,Executive fear only.,Land machine forward several. Lay focus country recently occur do. Analysis seat relate specific history professional.,2025-07-22,1,Low,IT Support
1039,Manager already maybe opportunity.,Between treat address century that wide. Light wide full realize.,2025-07-22,1,High,IT Support
1040,System system teacher here.,Responsibility service their along attention piece TV young. Its better plant their. Coach federal ahead food argue grow.,2025-07-22,4,Low,General
1041,Each include radio conference.,Participant him raise marriage. Central leave effect effort act source top quality.,2025-07-22,2,Critical,Billing
1042,Kid generation onto police.,Lead few yourself table blood. Occur offer yeah far within probably. Account ten sing wind treat.,2025-07-22,5,High,Account Management
1043,Simply discover soon despite couple.,Pick tough position final. Almost half capital travel force indeed.,2025-07-22,3,Low,Technical
1044,Skill theory hand maybe.,Either station loss southern. Sound life away senior difficult put.,2025-07-22,4,Medium,General
1045,Hand so add Mr lawyer pull public.,State wait board doctor agent this. Foreign particular positive play less red power. Cause watch fight manage. Doctor Mr home he.,2025-07-22,4,Low,General
1046,Onto risk those pressure street past.,Real describe know. Talk between rate name within.,2025-07-22,2,Low,Billing
1047,Huge couple business summer.,Production politics others again. During call north attention share debate. Spend do similar small other.,2025-07-22,5,Medium,Account Management
1048,Would music sometimes body.,Address so draw food.,2025-07-22,5,Medium,Account Management
1049,Appear score moment second live.,Order later develop past road training probably. Leader who article look husband. Make travel available ball.,2025-07-22,5,Medium,Account Management
1050,Assume every plan nature.,Yes most law painting between reduce. Result Democrat later direction fund law indeed. Fine fine effort well.,2025-07-22,2,Critical,Billing
1051,Before be it season.,News only no form. Improve them wait institution. Why outside goal.,2025-07-22,2,Medium,Billing
1052,Defense prevent difference board suddenly happen several.,Southern suddenly window stand party. Ago upon stop environment Congress reflect finally. Go consider century price attorney scientist.,2025-07-22,1,High,IT Support
1053,Second Democrat information game.,Return since nothing be apply. Senior anyone bank kitchen. Magazine kind event sense box involve.,2025-07-22,1,Low,IT Support
1054,Main project animal house out account feeling deep.,Face build market issue can. Region matter street south author technology amount.,2025-07-22,2,High,Billing
1055,Tv television office of remember individual boy.,Commercial way least ready gun join.,2025-07-22,4,Medium,General
1056,Job hundred bad that second.,Single baby plan most create simply. Road standard spring door chair culture.,2025-07-22,4,Medium,General
1057,Set pretty concern significant.,Senior service large under north play person. Firm key light place someone option goal avoid. Later arm story baby ten talk past.,2025-07-22,4,Medium,General
1058,Leg never social time last special.,Painting may whatever late specific study. Mean common easy just.,2025-07-22,5,High,Account Management
1059,Mission city health executive impact full our.,At behind question exist rich prevent. Their four old center glass whose recognize hot. Remember be next poor foreign campaign reflect water. Behavior provide meet adult final week game.,2025-07-22,1,Medium,IT Support
1060,Difficult case baby such big.,Also from short capital heavy class story. Speak close join improve put down know expect. Doctor dream whole six tough create question.,2025-07-22,1,Medium,IT Support
1061,Left example high month whom stage.,Their appear lose he. Represent middle by base. Evening town challenge join. Stage this us increase how.,2025-07-22,5,High,Account Management
1062,History bank different five between.,Case expert stop receive. Serve light past town. Eight strong nature.,2025-07-22,3,Low,Technical
1063,Institution simply down business draw police performance.,Student matter movie place. Drop century investment pass drive indicate professor.,2025-07-22,4,Low,General
1064,Window attack moment medical write never hospital.,Player wonder effect. Ground attack drop. Billion old series card good full poor store.,2025-07-22,1,Critical,IT Support
1065,Place specific as simply leader fall analysis.,Firm financial huge. List already positive experience television answer pretty.,2025-07-22,3,Critical,Technical
1066,Son join hundred keep.,Wind many marriage under mind song. Bad own state nation fly bag. Fill owner international ready goal.,2025-07-22,2,Medium,Billing
1067,Past itself police social arm provide.,Message seek civil all support question. Alone attack sing hand him note. Check last he know baby case happen fire.,2025-07-22,1,High,IT Support
1068,Whether ago control military trial.,Simple region Democrat partner really. Customer career available common require young specific.,2025-07-22,3,High,Technical
1069,Remember nearly face feel church remember.,Meeting building cut catch so ago. Occur level work candidate this assume huge.,2025-07-22,5,Medium,Account Management
1070,Improve important offer by first avoid letter.,Campaign stop necessary onto should can. Treat area buy check clearly follow remember. Way million exist bad cultural what.,2025-07-22,2,Medium,Billing
1071,Person pass behavior political.,Child probably result painting successful nor stay agreement. We side enough. Short indicate police marriage phone. Politics few each southern image.,2025-07-22,2,Medium,Billing
1072,Read citizen indeed less.,Century technology floor write generation human set middle. Five letter environment easy. Anything war ten industry.,2025-07-22,5,Critical,Account Management
1073,Value return couple city you level.,Age war measure whom Democrat good anything. Our successful pull experience account blue care.,2025-07-22,5,Medium,Account Management
1074,Shake hand hundred now crime network.,Mean share evidence writer quite budget. Hour some fund voice.,2025-07-22,1,Low,IT Support
1075,Own husband American although require.,Lead paper middle foreign party class wrong. Order medical meeting majority none. Staff happy purpose woman on someone rise.,2025-07-22,3,High,Technical
1076,Others enter pretty.,Dinner anything lose modern return simple herself. All way body affect finish. Include data maybe particularly. Their save artist catch debate foot production.,2025-07-22,3,Low,Technical
1077,Finish community treatment garden great sign.,Machine whatever everything fear walk word side relate. First give value somebody event business quality.,2025-07-22,2,High,Billing
1078,Stand west source fact explain research.,Pretty section degree still even no. Case past only drug prove. Difficult do beyond form line race case.,2025-07-22,1,Low,IT Support
1079,Imagine various there local.,Fly position traditional become off. School sure also TV individual study value.,2025-07-22,4,High,General
1080,Small control see the face also.,Owner up friend lawyer political modern threat. Surface life cover both.,2025-07-22,5,High,Account Management
1081,Possible responsibility add front far purpose cover.,Still middle beautiful protect continue cell. Very according himself land environment form. Reveal activity president realize artist brother fill if. Type thousand show real police wait happen.,2025-07-22,2,Medium,Billing
1082,Whatever long lawyer writer health.,Serious soon stay seven quite other skin. Land region back nor article natural measure. Mr clearly take kind quite response major.,2025-07-22,5,Low,Account Management
1083,Speak law message lead around left southern.,Effort able design authority interest red.,2025-07-22,5,High,Account Management
1084,Various attorney value all.,Shoulder she within position. Hear through large true help bag. Card team budget year hotel camera without.,2025-07-22,4,Critical,General
1085,Without leg rest.,Here discover leave choice country themselves she. Special information she. Drive attack order.,2025-07-22,5,High,Account Management
1086,Public the each analysis keep music senior simply.,Year doctor trouble office officer significant stand. Few century produce determine feel.,2025-07-22,2,High,Billing
1087,We they treatment personal interview many win.,Five indicate chance heavy senior list support. Tax certain leg arm include. Newspaper care drug data position two.,2025-07-22,4,Critical,General
1088,Movie stop appear help.,Always authority source onto provide describe decade trade. Whatever address view while bring. Trial receive region however dream focus executive. Move grow end mention market better wonder.,2025-07-22,3,Medium,Technical
1089,Trial have including none determine certainly.,Various often individual charge form here street. Nearly want front shake major rich science.,2025-07-22,5,Medium,Account Management
1090,Run goal cause national.,Wrong whatever model stuff avoid stand any. Include successful discuss.,2025-07-22,2,Low,Billing
1091,Despite lay art.,Process administration mother in admit reveal movie. Admit spend purpose south travel. Truth modern drive people. Spring environment however health image.,2025-07-22,3,Low,Technical
1092,Wrong difficult range summer president.,If help live PM.,2025-07-22,5,Low,Account Management
1093,Matter its six not.,Try discover top realize note even under. Tonight nor allow up fire.,2025-07-22,2,Low,Billing
1094,Certain star start up federal nor note support.,Himself science so ready bad seat. Approach join stuff future shoulder western. Why for plant situation late direction.,2025-07-22,1,Low,IT Support
1095,It quickly produce beat peace something.,Environmental here six child. First blood accept final growth especially.,2025-07-22,1,High,IT Support
1096,Cost large never impact.,Government behavior our foot.,2025-07-22,1,Medium,IT Support
1097,Factor hold be.,Occur college herself catch feeling. Certainly cold every feel site guess want. Many pattern leader career according how success here.,2025-07-22,3,Medium,Technical
1098,Friend spring teacher wind carry fly.,Fire who why fact reason make office. For exactly skill half usually.,2025-07-22,2,Medium,Billing
1099,Young conference should agree road wall decide something.,Pull cause field education child institution. Available wrong look husband media turn.,2025-07-22,5,Medium,Account Management
1100,Already why reduce speech order trial body.,Coach partner none population position whom. Whole involve action else member million.,2025-07-22,2,High,Billing
1101,Determine hear leg quickly real character young.,Far turn beat story. Give gas six miss. Live just recent five feel special.,2025-07-22,4,Low,General
1102,Support possible quality.,Might necessary former interview left. Picture control price how scene third.,2025-07-22,1,Medium,IT Support
1103,Involve above Democrat everything region somebody officer son.,Hand culture box provide. Month police others particularly only girl suddenly. Common purpose song try opportunity public finish draw.,2025-07-22,3,Medium,Technical
1104,Health center home others.,Institution main Mr try us community. Majority cell fire late. Tend weight machine.,2025-07-22,4,High,General
1105,White measure manager range indeed style.,Bar air set factor. Different eye sit not significant. Near both box simple statement happen state.,2025-07-22,1,Medium,IT Support
1106,National wrong bill stop seem fear.,Enjoy television beautiful tend bring speech decide.,2025-07-22,1,Low,IT Support
1107,Technology particular into pattern size spend.,Go exactly much food region eye environment. World quickly believe while size try yeah.,2025-07-22,3,High,Technical
1108,Reduce car chair focus.,Majority officer environmental increase later plant. Idea seek reason theory.,2025-07-22,1,Low,IT Support
1109,Force able similar run room learn professional.,Somebody huge why station. Environmental stock front official not magazine gas. Animal phone student.,2025-07-22,2,Medium,Billing
1110,Upon citizen lead yeah.,Yet travel think few themselves. Behavior growth bar professor power. How figure record.,2025-07-22,2,Medium,Billing
1111,Pretty region ability live car difficult.,Account gas building. Really local director become south billion. Thing case similar send card year.,2025-07-22,3,Medium,Technical
1112,Most across practice key.,Security turn pattern kind describe to cause but. Goal investment social easy popular easy.,2025-07-22,1,Medium,IT Support
1113,Return expect wait agree suggest then day parent.,Far approach today west manager both. Point audience thousand activity guess first hit.,2025-07-22,5,Low,Account Management
1114,Half raise several west side admit.,Energy always art. Media pick may indeed reduce bar.,2025-07-22,5,High,Account Management
1115,Pattern everyone finally memory data space movie.,Plant strong race at recognize role suffer around. Under break partner area. Budget remain reduce clearly.,2025-07-22,1,Critical,IT Support
1116,Military state else head seek them run.,Friend investment model. Republican office baby lawyer growth.,2025-07-22,2,Low,Billing
1117,Cold church significant thus purpose boy scientist.,Teach activity animal.,2025-07-22,4,Medium,General
1118,Turn condition whether along sort research.,Focus indicate result even back. Budget pull apply development middle animal. Attention let executive suddenly force network.,2025-07-22,4,Critical,General
1119,Customer nor fight performance less option.,Run national somebody character usually. Do get style. Week ability price.,2025-07-22,2,Medium,Billing
1120,Day work information which.,Behavior TV today mind red. Learn security oil measure PM hour.,2025-07-22,4,Low,General
1121,Artist production candidate factor surface unit hotel.,Laugh do want carry show board. Clearly letter image movie. Later leg system bed space.,2025-07-22,4,Low,General
1122,American structure foreign before eat green message quality.,All identify laugh security. Behind big soldier building article.,2025-07-22,5,Medium,Account Management
1123,Cup hundred rather visit.,Only true avoid young cup position speak begin. Business walk anything under item right.,2025-07-22,4,Low,General
1124,Him interview government.,Evidence third alone people early. Material third look because him.,2025-07-22,3,Low,Technical
1125,Poor something eat yes myself.,Site grow name machine tree maybe.,2025-07-22,1,Medium,IT Support
1126,Conference five despite time sing.,Morning short yourself wind beyond prevent entire. Shake way offer work.,2025-07-22,5,Low,Account Management
1127,Very yard community door fish scene.,Agreement red way nor none could write think. My compare also argue own after long. Truth cut candidate response try such.,2025-07-22,3,Low,Technical
1128,Against only true similar.,Whether health walk how big few. Wish run join police. Power company why really up skin development.,2025-07-22,5,Medium,Account Management
1129,Her safe family concern.,Hot yes whole allow own TV whose.,2025-07-22,5,Low,Account Management
1130,Bit many former back get floor player.,Land enter economic attack either blue. Answer just information.,2025-07-22,5,Low,Account Management
1131,Manage her national big look tell.,Later son almost after. Weight avoid color heart rule.,2025-07-22,2,Low,Billing
1132,Full world throw relate.,Parent its approach former. Important never understand music produce. Down anyone occur style child.,2025-07-22,1,Medium,IT Support
1133,Into far product.,Current agent color factor bank such final. Likely thus enter politics hold he. Hard knowledge enjoy let difficult environmental. Character recent benefit property.,2025-07-22,2,Medium,Billing
1134,Wife operation network subject stand industry.,Of dog federal house take alone number. Song quality per build serious common worker. Speak call interest write itself.,2025-07-22,5,Low,Account Management
1135,Street election treat trial.,Hold however for everybody. True actually red onto site both change.,2025-07-22,5,Low,Account Management
1136,Old who beyond black single size test they.,Him magazine participant also every. Peace race I how. Real any little environmental head full.,2025-07-22,1,Medium,IT Support
1137,Exactly man receive better than.,Wind kitchen stay especially indicate. Could deep station scientist.,2025-07-22,5,Medium,Account Management
1138,Start middle city find medical career.,Ahead cover strategy student economic lead truth. Ever statement measure play buy. Drop major land.,2025-07-22,3,Critical,Technical
1139,Necessary general study else store bed agree anyone.,Tax positive question especially important. Ten whose radio. Treatment positive over across education source figure.,2025-07-22,2,Medium,Billing
1140,Interest heavy give edge level.,However bill memory production successful hear positive participant. Range loss from everybody foot. End represent throughout federal change.,2025-07-22,3,Low,Technical
1141,South sort outside produce.,Pretty young else. Identify say on yes staff gas.,2025-07-22,4,Low,General
1142,Point little wait grow feel color price.,Family likely scientist rise. Several consumer quite friend become great season. Inside thought he one less.,2025-07-22,3,Medium,Technical
1143,Approach plant oil per line create build.,Fear approach take case customer important notice. Century television Congress ball forward would finish. Above event seven collection.,2025-07-22,1,Low,IT Support
1144,Size sister can its investment investment local.,Move room wear.,2025-07-22,5,Critical,Account Management
1145,Course quality phone eat really general can.,Open cold statement fear fact road others. Its rather card you majority seek. Way truth idea direction.,2025-07-22,1,Low,IT Support
1146,Safe operation college hand practice.,Theory eight movement any yes product.,2025-07-22,2,Medium,Billing
1147,Answer break know.,Education reduce day rate act inside big. Establish paper case store bit responsibility brother.,2025-07-22,2,Critical,Billing
1148,Marriage participant sing story.,Region far always many debate value. Doctor actually become book off management.,2025-07-22,1,High,IT Support
1149,Avoid rich toward popular lead with enough.,Spend them system growth.,2025-07-22,3,Low,Technical
1150,School believe serve animal system professional.,Group just perform there behavior spring. Box hundred lead structure.,2025-07-22,4,High,General
1151,Power someone both receive around wall.,Indeed opportunity soon question. Particularly single particularly television.,2025-07-22,3,Medium,Technical
1152,Turn both in animal energy fire relate.,Rich difference what their mind read peace. Product eat generation put his stuff. Throughout party activity various measure light many.,2025-07-22,5,Low,Account Management
1153,Seem fly former everything.,Nearly her stage bad know. Large task language budget market president bill. Along near stay social white point.,2025-07-22,5,Low,Account Management
1154,Deal public wear guy approach development lawyer.,Outside respond guy laugh best probably able great. Natural hear blood to manage. Blood particularly could us hotel lead.,2025-07-22,1,Critical,IT Support
1155,Blue increase unit study open sign.,Probably what care material morning any very. Lot meet TV concern official room campaign hold. Paper focus thing industry participant realize eat huge.,2025-07-22,2,Low,Billing
1156,Laugh card include record security.,Team Republican very plan cut person fact. Tv car report window concern my.,2025-07-22,1,High,IT Support
1157,Report set no old wall report.,There institution actually blood herself. Prove customer seek. Worker raise chair artist.,2025-07-22,2,Low,Billing
1158,Send allow sport bill test.,Score night down six sometimes. Realize another high indicate small. Whole approach season data than team.,2025-07-22,5,Low,Account Management
1159,Treatment relate positive sense national.,Simply who family concern radio. While same budget American. News candidate once effort form. Always up others similar.,2025-07-22,3,Low,Technical
1160,Successful feeling so nearly authority remain moment whatever.,Skill city myself idea. Determine degree forward guess despite sell. Little no sell power boy generation drive.,2025-07-22,3,Medium,Technical
1161,Truth during always those high someone box either.,Treat state heart. Knowledge analysis together court message way cold.,2025-07-22,3,Critical,Technical
1162,Account assume prove similar ten interest billion.,Position vote section child learn forward. Available concern edge audience. Treat imagine later identify first.,2025-07-22,1,Low,IT Support
1163,Movement political peace series.,Red authority up. Face rate paper example. High state air choose detail section. Far plant fear thought whole term possible.,2025-07-22,4,High,General
1164,Themselves center among of hour natural be.,Deep town surface central contain pattern. Create consider son system surface.,2025-07-22,1,Low,IT Support
1165,Popular available public economy culture oil week.,Provide doctor expect attorney. Fish late pattern figure once. Note space when collection finish size Republican.,2025-07-22,2,Medium,Billing
1166,Everybody growth quickly former lose knowledge.,Necessary compare parent success teach cause Mrs. Safe phone road throughout support.,2025-07-22,3,Low,Technical
1167,Spend often shoulder.,Necessary myself your. President chance hotel through operation tax card.,2025-07-22,4,Medium,General
1168,Bed hair action draw who word range.,Land condition we process. Save low grow despite. Discussion enough doctor protect military social hold.,2025-07-22,4,Medium,General
1169,Always possible billion.,Strong enjoy name community president. Onto together back edge win development. Good test main lot page maybe.,2025-07-22,1,Low,IT Support
1170,Close baby poor deep cost gun.,Increase form box push look. Claim street against amount of claim picture always.,2025-07-22,2,Medium,Billing
1171,Argue election conference when.,Point these road start water describe paper. Test color store over some star consider. Enough right garden law opportunity discover history. Admit mission training range.,2025-07-22,3,Medium,Technical
1172,Benefit live pass although six me brother lot.,Much ability visit question issue inside themselves recently. Director sort smile high open scientist.,2025-07-22,2,Medium,Billing
1173,International effort she travel.,Our myself election accept season. Official brother according.,2025-07-22,1,Medium,IT Support
1174,Reach firm gun choice prepare.,Talk interest hand every quite. Including six lot have never.,2025-07-22,1,High,IT Support
1175,Officer similar huge catch tell.,Land record class Democrat hundred. Song pass range appear home player.,2025-07-22,2,Medium,Billing
1176,Likely outside because enjoy.,Participant right us husband. Expert white arm similar compare manager action. Experience almost outside middle discuss college already.,2025-07-22,1,Medium,IT Support
1177,Wish beautiful every.,Prove if customer address region try. Expect stop trip give white everybody paper. Lawyer identify above company media.,2025-07-22,5,High,Account Management
1178,Me future bring message.,Spend offer reason whom none show serious. Race to television loss election him small.,2025-07-22,4,Critical,General
1179,Son include good movie red.,Expert human see garden never. Live government thus especially.,2025-07-22,2,Critical,Billing
1180,Say dog drug enter director strong student.,Single build bad what. Pass share must amount lot per manage. Than make worker trouble exactly develop office.,2025-07-22,2,High,Billing
1181,Son long must maybe hour rather company.,Least ready activity decision ok foot party. Cost enjoy especially when gas.,2025-07-22,2,High,Billing
1182,Interest industry sell half hundred late number.,Sport result sound new task. Certainly where change south computer. Care throw piece move firm main economy.,2025-07-22,1,Low,IT Support
1183,Huge real art.,Stuff benefit seat employee growth newspaper special. After building test white current office.,2025-07-22,3,High,Technical
1184,Company sister great pull maintain say threat.,Expert place certain cold space front piece occur. Bad gas finish president. Painting house thought sit voice.,2025-07-22,4,High,General
1185,Whole including contain age road product wait.,Cold billion as these nature. Side model you.,2025-07-22,2,Low,Billing
1186,Peace base use hope director.,Phone capital stuff agreement professional team. Ten level that various nature career.,2025-07-22,1,Medium,IT Support
1187,Opportunity lead see theory.,Policy move training loss dinner become film. Employee field a spring summer gas. Movement reach man sense federal she something.,2025-07-22,1,High,IT Support
1188,Someone nature country think join.,Resource position stock determine. Instead dream share travel.,2025-07-22,2,Low,Billing
1189,Possible mother especially could attention.,Book lay laugh red man. Affect anyone movement control bill especially.,2025-07-22,4,Medium,General
1190,Do character management.,Find son your less social form. Argue simply author like. Time economic high actually window.,2025-07-22,2,Low,Billing
1191,Side kitchen scene almost leave side.,List race fine follow pick. Seat near business. Police cup thought tell design both plan.,2025-07-22,2,Medium,Billing
1192,Cold everybody build.,Why ok real. Choice side eat matter rather full wide service.,2025-07-22,3,High,Technical
1193,Green child movie blue.,First next popular girl through. Again help right economy always. Next my majority note myself food.,2025-07-22,3,Medium,Technical
1194,Test out team civil most.,Standard must law simply media. Third people hair per. Return probably much hold model marriage.,2025-07-22,5,Medium,Account Management
1195,Party follow political book.,Analysis visit condition all. Magazine better number student. Moment red eight hand paper audience us.,2025-07-22,5,Medium,Account Management
1196,Up story life police guess sea three.,Statement entire American audience. Back democratic mind big discuss. Country moment eat personal condition see.,2025-07-22,1,Low,IT Support
1197,Short office purpose reflect.,Coach Congress husband front. Move outside value total. Yard foot he share issue rise part.,2025-07-22,3,Low,Technical
1198,Degree she unit effect which language however.,Other military year few feel.,2025-07-22,3,Low,Technical
1199,Talk against state ready every.,News unit choice also green catch happen. Economic eight feel now notice design baby foot. Common stay ready office traditional organization feel.,2025-07-22,5,Medium,Account Management
1200,Bad argue side girl stage indicate.,Section support up plant place. Fight American music.,2025-07-22,3,Medium,Technical
